{
    "trigono-worker2-58d5cdbc6f-wzb5p": {
        "cpu_usage": 19.491696095584654
    },
    "trigono-worker3-7f55fcf764-pdkbb": {
        "cpu_usage": 31.983594096254624
    },
    "trigono-worker4-7cb9c9db4c-2c6kf": {
        "cpu_usage": 28.345637546197793
    },
    "trigono-worker1-2-5dbcbc69db-mn64r": {
        "cpu_usage": 17.86914169855989
    },
    "trigono-worker1-1-5dbcbc69db-kplsg": {
        "cpu_usage": 18.916195228351246
    },
    "trigono-worker2": {
        "requests_received": 1.4034482758620692
    },
    "trigono-worker1-1": {
        "requests_received": 1.3482758620689657
    },
    "trigono-worker1-2": {
        "requests_received": 1.3448275862068968
    },
    "trigono-worker3": {
        "requests_received": 1.3344827586206898
    },
    "trigono-worker4": {
        "requests_received": 1.2379310344827588
    }
}