{
    "trigono-worker2-58d5cdbc6f-wzb5p": {
        "cpu_usage": 17.509497378842006
    },
    "trigono-worker3-7f55fcf764-pdkbb": {
        "cpu_usage": 30.275273588939324
    },
    "trigono-worker4-7cb9c9db4c-2c6kf": {
        "cpu_usage": 31.663221923702174
    },
    "trigono-worker1-2-5dbcbc69db-mn64r": {
        "cpu_usage": 18.04076954459237
    },
    "trigono-worker1-1-5dbcbc69db-kplsg": {
        "cpu_usage": 18.572226217013014
    },
    "trigono-worker2": {
        "requests_received": 1.331034482758621
    },
    "trigono-worker1-1": {
        "requests_received": 1.331034482758621
    },
    "trigono-worker1-2": {
        "requests_received": 1.331034482758621
    },
    "trigono-worker3": {
        "requests_received": 1.3344827586206898
    },
    "trigono-worker4": {
        "requests_received": 1.331034482758621
    }
}