{
    "trigono-worker2-7b59c5bbfb-wzqv6": {
        "cpu_usage": 8.646457790183584
    },
    "trigono-worker1-5b87c56bc9-6vffg": {
        "cpu_usage": 9.119179521851517
    },
    "trigono-worker3-8464846f97-7ld59": {
        "cpu_usage": 9.970920973376462
    },
    "trigono-worker4-6bf76cfcd6-kfq67": {
        "cpu_usage": 9.290813419997278
    },
    "trigono-worker5-68895c6587-rj9sn": {
        "cpu_usage": 19.69488192652587
    },
    "trigono-worker2": {
        "requests_received": 0.6542372881355932
    },
    "trigono-worker1": {
        "requests_received": 0.6576271186440679
    },
    "trigono-worker4": {
        "requests_received": 0.42711864406779665
    },
    "trigono-worker3": {
        "requests_received": 0.4406779661016949
    },
    "trigono-worker5": {
        "requests_received": 0.49491525423728816
    }
}