{
    "trigono-worker2-568dc6455b-8ctwj": {
        "cpu_usage": 0.007273581013439015
    },
    "trigono-worker4-6857596fdb-6bngq": {
        "cpu_usage": 0.011750690045672566
    },
    "trigono-worker1-1-655b665c6c-jzbgg": {
        "cpu_usage": 0.006435086482622674
    },
    "trigono-worker3-599978479c-gzb6f": {
        "cpu_usage": 0.010486776803377592
    },
    "trigono-worker5-56bd89775-cnj76": {
        "cpu_usage": 0.01484442455697866
    },
    "trigono-worker4": {
        "requests_received": 0.0
    },
    "trigono-worker2": {
        "requests_received": 0.0
    },
    "trigono-worker1-1": {
        "requests_received": 0.0
    },
    "trigono-worker3": {
        "requests_received": 0.0
    },
    "trigono-worker5": {
        "requests_received": 0.0
    }
}