{
    "trigono-worker2-568dc6455b-lwl9g": {
        "cpu_usage": 0.006937917444232938
    },
    "trigono-worker1-1-655b665c6c-4mns7": {
        "cpu_usage": 0.00641208730075465
    },
    "trigono-worker3-599978479c-4ws5l": {
        "cpu_usage": 0.011348264786850012
    },
    "trigono-worker5-56bd89775-sfjj6": {
        "cpu_usage": 0.016462799846819802
    },
    "trigono-worker4-6857596fdb-sjh94": {
        "cpu_usage": 0.011221482851295464
    },
    "trigono-worker1-1": {
        "requests_received": 0.0
    },
    "trigono-worker2": {
        "requests_received": 0.0
    },
    "trigono-worker4": {
        "requests_received": 0.0
    },
    "trigono-worker5": {
        "requests_received": 0.0
    },
    "trigono-worker3": {
        "requests_received": 0.0
    }
}