{
    "trigono-worker2-568dc6455b-lwl9g": {
        "cpu_usage": 0.006973931216463448
    },
    "trigono-worker1-1-655b665c6c-4mns7": {
        "cpu_usage": 0.006938747607328837
    },
    "trigono-worker3-599978479c-4ws5l": {
        "cpu_usage": 0.010424990836314147
    },
    "trigono-worker5-56bd89775-sfjj6": {
        "cpu_usage": 0.01685739698962903
    },
    "trigono-worker4-6857596fdb-sjh94": {
        "cpu_usage": 0.010274968479411617
    },
    "trigono-worker1-1": {
        "requests_received": 0.0
    },
    "trigono-worker2": {
        "requests_received": 0.0
    },
    "trigono-worker4": {
        "requests_received": 0.0
    },
    "trigono-worker5": {
        "requests_received": 0.0
    },
    "trigono-worker3": {
        "requests_received": 0.0
    }
}