{
    "trigono-worker2-568dc6455b-8ctwj": {
        "cpu_usage": 0.006360015314628976
    },
    "trigono-worker4-6857596fdb-6bngq": {
        "cpu_usage": 0.009953191620315934
    },
    "trigono-worker1-1-655b665c6c-jzbgg": {
        "cpu_usage": 0.006215987615953246
    },
    "trigono-worker3-599978479c-gzb6f": {
        "cpu_usage": 0.01127707415561372
    },
    "trigono-worker5-56bd89775-cnj76": {
        "cpu_usage": 0.015250276472407844
    },
    "trigono-worker4": {
        "requests_received": 0.0
    },
    "trigono-worker2": {
        "requests_received": 0.0
    },
    "trigono-worker1-1": {
        "requests_received": 0.0
    },
    "trigono-worker3": {
        "requests_received": 0.0
    },
    "trigono-worker5": {
        "requests_received": 0.0
    }
}