{
    "trigono-worker2-568dc6455b-8ctwj": {
        "cpu_usage": 0.00646813451686097
    },
    "trigono-worker4-6857596fdb-6bngq": {
        "cpu_usage": 0.011471357986071495
    },
    "trigono-worker1-1-655b665c6c-jzbgg": {
        "cpu_usage": 0.0059639109285420005
    },
    "trigono-worker3-599978479c-gzb6f": {
        "cpu_usage": 0.011205966835205406
    },
    "trigono-worker5-56bd89775-cnj76": {
        "cpu_usage": 0.014787865191523284
    },
    "trigono-worker4": {
        "requests_received": 0.0
    },
    "trigono-worker2": {
        "requests_received": 0.0
    },
    "trigono-worker1-1": {
        "requests_received": 0.0
    },
    "trigono-worker3": {
        "requests_received": 0.0
    },
    "trigono-worker5": {
        "requests_received": 0.0
    }
}