{
    "trigono-worker2-568dc6455b-lwl9g": {
        "cpu_usage": 0.006551189729339744
    },
    "trigono-worker1-1-655b665c6c-4mns7": {
        "cpu_usage": 0.006857204481678694
    },
    "trigono-worker3-599978479c-4ws5l": {
        "cpu_usage": 0.011580715054592326
    },
    "trigono-worker5-56bd89775-sfjj6": {
        "cpu_usage": 20.369210260171496
    },
    "trigono-worker4-6857596fdb-sjh94": {
        "cpu_usage": 0.011017593283447785
    },
    "trigono-worker1-1": {
        "requests_received": 0.0
    },
    "trigono-worker2": {
        "requests_received": 0.0
    },
    "trigono-worker4": {
        "requests_received": 0.0
    },
    "trigono-worker5": {
        "requests_received": 0.0
    },
    "trigono-worker3": {
        "requests_received": 0.0
    }
}