{
    "trigono-worker2-57bddfd94b-smkgp": {
        "cpu_usage": 23.8368200645114
    },
    "trigono-worker3-6cc67f44d7-bdb9d": {
        "cpu_usage": 36.25196796714121
    },
    "trigono-worker1-bb59cd97c-rcdw7": {
        "cpu_usage": 23.794932064506614
    },
    "trigono-worker1": {
        "requests_received": 333.1034482758621
    },
    "trigono-worker3": {
        "requests_received": 334.1379310344828
    },
    "trigono-worker2": {
        "requests_received": 333.1034482758621
    }
}