{
    "trigono-worker2-57bddfd94b-smkgp": {
        "cpu_usage": 75.9464118313722
    },
    "trigono-worker3-6cc67f44d7-bdb9d": {
        "cpu_usage": 96.42426319197041
    },
    "trigono-worker1-bb59cd97c-rcdw7": {
        "cpu_usage": 76.37603089707584
    },
    "trigono-worker1": {
        "requests_received": 1060.344827586207
    },
    "trigono-worker3": {
        "requests_received": 1062.4137931034484
    },
    "trigono-worker2": {
        "requests_received": 1060.344827586207
    }
}