{
    "trigono-worker2-57bddfd94b-smkgp": {
        "cpu_usage": 45.783621061283654
    },
    "trigono-worker3-6cc67f44d7-bdb9d": {
        "cpu_usage": 71.62673248506454
    },
    "trigono-worker1-bb59cd97c-rcdw7": {
        "cpu_usage": 47.406217962386705
    },
    "trigono-worker1": {
        "requests_received": 664.1379310344828
    },
    "trigono-worker3": {
        "requests_received": 667.2413793103449
    },
    "trigono-worker2": {
        "requests_received": 668.2758620689656
    }
}