{
    "trigono-worker2-568dc6455b-j977s": {
        "cpu_usage": 67.31217745682576
    },
    "trigono-worker3-2-599978479c-52l7f": {
        "cpu_usage": 85.5386856225467
    },
    "trigono-worker3-1-599978479c-xz65s": {
        "cpu_usage": 80.6288857190588
    },
    "trigono-worker4-6857596fdb-dx8ml": {
        "cpu_usage": 86.99330246913581
    },
    "trigono-worker1-2-655b665c6c-ghgss": {
        "cpu_usage": 62.59499045411514
    },
    "trigono-worker1-1-655b665c6c-w8pfd": {
        "cpu_usage": 68.47491818581355
    },
    "trigono-worker4": {
        "requests_received": 1.4248366709770117
    },
    "trigono-worker3-1": {
        "requests_received": 1.3247530692307694
    },
    "trigono-worker1-1": {
        "requests_received": 1.9724137931034487
    },
    "trigono-worker1-2": {
        "requests_received": 1.8724137931034486
    },
    "trigono-worker2": {
        "requests_received": 1.927586206896552
    },
    "trigono-worker3-2": {
        "requests_received": 1.399919883218391
    }
}