{
    "trigono-worker2-568dc6455b-j977s": {
        "cpu_usage": 41.19034657374981
    },
    "trigono-worker3-2-599978479c-52l7f": {
        "cpu_usage": 53.56637072003769
    },
    "trigono-worker3-1-599978479c-xz65s": {
        "cpu_usage": 59.77981473673271
    },
    "trigono-worker4-6857596fdb-dx8ml": {
        "cpu_usage": 55.05751486344958
    },
    "trigono-worker1-2-655b665c6c-ghgss": {
        "cpu_usage": 43.96741513623211
    },
    "trigono-worker1-1-655b665c6c-w8pfd": {
        "cpu_usage": 44.750367569838275
    },
    "trigono-worker4": {
        "requests_received": 0.9724137931034484
    },
    "trigono-worker3-1": {
        "requests_received": 1.020689655172414
    },
    "trigono-worker1-1": {
        "requests_received": 1.2827586206896553
    },
    "trigono-worker1-2": {
        "requests_received": 1.2586206896551726
    },
    "trigono-worker2": {
        "requests_received": 1.2000000000000002
    },
    "trigono-worker3-2": {
        "requests_received": 0.9275862068965518
    }
}