{
    "trigono-worker2-58d5cdbc6f-w9tcr": {
        "cpu_usage": 15.63142556378228
    },
    "trigono-worker3-7f55fcf764-jgrwz": {
        "cpu_usage": 25.003813831869742
    },
    "trigono-worker1-5dbcbc69db-vplqp": {
        "cpu_usage": 15.544800049276608
    },
    "trigono-worker1": {
        "requests_received": 1.1103448275862071
    },
    "trigono-worker3": {
        "requests_received": 1.1068965517241383
    },
    "trigono-worker2": {
        "requests_received": 1.1103448275862071
    }
}