{
    "trigono-worker2-58d5cdbc6f-w9tcr": {
        "cpu_usage": 58.0587491603039
    },
    "trigono-worker3-7f55fcf764-jgrwz": {
        "cpu_usage": 99.96154482532076
    },
    "trigono-worker1-5dbcbc69db-vplqp": {
        "cpu_usage": 57.79572264868061
    },
    "trigono-worker1": {
        "requests_received": 4.089655172413794
    },
    "trigono-worker3": {
        "requests_received": 4.120689655172415
    },
    "trigono-worker2": {
        "requests_received": 4.093103448275863
    }
}