{
    "trigono-worker4-6857596fdb-q82kk": {
        "cpu_usage": 94.9075726686192
    },
    "trigono-worker1-1-655b665c6c-fdcn7": {
        "cpu_usage": 74.52871856188372
    },
    "trigono-worker2-568dc6455b-vlfjs": {
        "cpu_usage": 76.31444070461966
    },
    "trigono-worker3-2-599978479c-rdr7v": {
        "cpu_usage": 98.07192753424023
    },
    "trigono-worker3-1-599978479c-cpktp": {
        "cpu_usage": 93.88374893013263
    },
    "trigono-worker3-1": {
        "requests_received": 1.5655172413793106
    },
    "trigono-worker2": {
        "requests_received": 2.1724137931034484
    },
    "trigono-worker1-1": {
        "requests_received": 2.1
    },
    "trigono-worker3-2": {
        "requests_received": 1.4827586206896552
    },
    "trigono-worker4": {
        "requests_received": 1.5620689655172415
    }
}