{
    "trigono-worker4-6857596fdb-q82kk": {
        "cpu_usage": 94.8240872680989
    },
    "trigono-worker1-1-655b665c6c-fdcn7": {
        "cpu_usage": 80.36321007595154
    },
    "trigono-worker2-568dc6455b-vlfjs": {
        "cpu_usage": 76.49654685671004
    },
    "trigono-worker3-2-599978479c-rdr7v": {
        "cpu_usage": 94.64962427766592
    },
    "trigono-worker3-1-599978479c-cpktp": {
        "cpu_usage": 93.69056376357615
    },
    "trigono-worker3-1": {
        "requests_received": 1.5827586206896553
    },
    "trigono-worker2": {
        "requests_received": 2.1758620689655173
    },
    "trigono-worker1-1": {
        "requests_received": 2.251724137931035
    },
    "trigono-worker3-2": {
        "requests_received": 1.4793103448275864
    },
    "trigono-worker4": {
        "requests_received": 1.5655172413793106
    }
}