{
    "trigono-worker4-6857596fdb-q82kk": {
        "cpu_usage": 36.96910883738825
    },
    "trigono-worker1-1-655b665c6c-fdcn7": {
        "cpu_usage": 24.90263732110031
    },
    "trigono-worker2-568dc6455b-vlfjs": {
        "cpu_usage": 25.57588322325647
    },
    "trigono-worker3-2-599978479c-rdr7v": {
        "cpu_usage": 39.07574308941968
    },
    "trigono-worker3-1-599978479c-cpktp": {
        "cpu_usage": 32.7087656095743
    },
    "trigono-worker3-1": {
        "requests_received": 0.5724137931034483
    },
    "trigono-worker2": {
        "requests_received": 0.7413793103448276
    },
    "trigono-worker1-1": {
        "requests_received": 0.713793103448276
    },
    "trigono-worker3-2": {
        "requests_received": 0.6482758620689656
    },
    "trigono-worker4": {
        "requests_received": 0.6517241379310346
    }
}