{
    "trigono-worker1-5dbcbc69db-58sk6": {
        "cpu_usage": 86.40304748772164
    },
    "trigono-worker2-58d5cdbc6f-pnf8n": {
        "cpu_usage": 89.22402588535637
    },
    "trigono-worker3-7f55fcf764-ms8v5": {
        "cpu_usage": 97.88565571613779
    },
    "trigono-worker3": {
        "requests_received": 4.020689655172414
    },
    "trigono-worker2": {
        "requests_received": 6.33105631406257
    },
    "trigono-worker1": {
        "requests_received": 6.279310344827587
    }
}