{
    "trigono-worker1-5dbcbc69db-58sk6": {
        "cpu_usage": 52.26774077852148
    },
    "trigono-worker2-58d5cdbc6f-pnf8n": {
        "cpu_usage": 45.47265965013083
    },
    "trigono-worker3-7f55fcf764-ms8v5": {
        "cpu_usage": 64.40374112947934
    },
    "trigono-worker3": {
        "requests_received": 2.9241379310344833
    },
    "trigono-worker2": {
        "requests_received": 3.324137931034483
    },
    "trigono-worker1": {
        "requests_received": 3.73448275862069
    }
}