{
    "trigono-worker1-5dbcbc69db-58sk6": {
        "cpu_usage": 29.326309588226067
    },
    "trigono-worker2-58d5cdbc6f-pnf8n": {
        "cpu_usage": 33.57853915162925
    },
    "trigono-worker3-7f55fcf764-ms8v5": {
        "cpu_usage": 46.96738836084563
    },
    "trigono-worker3": {
        "requests_received": 2.1724137931034484
    },
    "trigono-worker2": {
        "requests_received": 2.4137931034482762
    },
    "trigono-worker1": {
        "requests_received": 2.0931034482758624
    }
}