{
    "trigono-worker1-5dbcbc69db-58sk6": {
        "cpu_usage": 69.08554151477165
    },
    "trigono-worker2-58d5cdbc6f-pnf8n": {
        "cpu_usage": 65.01134633295905
    },
    "trigono-worker3-7f55fcf764-ms8v5": {
        "cpu_usage": 82.35900275942191
    },
    "trigono-worker3": {
        "requests_received": 3.662068965517242
    },
    "trigono-worker2": {
        "requests_received": 4.8275862068965525
    },
    "trigono-worker1": {
        "requests_received": 4.8482758620689665
    }
}