{
    "trigono-worker1-5dbcbc69db-58sk6": {
        "cpu_usage": 49.865712234101196
    },
    "trigono-worker2-58d5cdbc6f-pnf8n": {
        "cpu_usage": 47.50196189377959
    },
    "trigono-worker3-7f55fcf764-ms8v5": {
        "cpu_usage": 69.63420824034407
    },
    "trigono-worker3": {
        "requests_received": 3.0551724137931036
    },
    "trigono-worker2": {
        "requests_received": 3.406896551724138
    },
    "trigono-worker1": {
        "requests_received": 3.544827586206897
    }
}