{
    "trigono-worker1-5dbcbc69db-58sk6": {
        "cpu_usage": 86.21130895115215
    },
    "trigono-worker2-58d5cdbc6f-pnf8n": {
        "cpu_usage": 87.72684248948299
    },
    "trigono-worker3-7f55fcf764-ms8v5": {
        "cpu_usage": 94.57036822838788
    },
    "trigono-worker3": {
        "requests_received": 4.041379310344828
    },
    "trigono-worker2": {
        "requests_received": 6.4172413793103456
    },
    "trigono-worker1": {
        "requests_received": 6.224137931034484
    }
}