{
    "trigono-worker1-5dbcbc69db-58sk6": {
        "cpu_usage": 13.389437570464453
    },
    "trigono-worker2-58d5cdbc6f-pnf8n": {
        "cpu_usage": 15.443685994748696
    },
    "trigono-worker3-7f55fcf764-ms8v5": {
        "cpu_usage": 26.908404030322426
    },
    "trigono-worker3": {
        "requests_received": 1.2000000000000002
    },
    "trigono-worker2": {
        "requests_received": 1.0965517241379312
    },
    "trigono-worker1": {
        "requests_received": 1.0379310344827588
    }
}