{
    "trigono-worker1-5dbcbc69db-58sk6": {
        "cpu_usage": 67.33862500628014
    },
    "trigono-worker2-58d5cdbc6f-pnf8n": {
        "cpu_usage": 66.06402500172643
    },
    "trigono-worker3-7f55fcf764-ms8v5": {
        "cpu_usage": 86.1797491523917
    },
    "trigono-worker3": {
        "requests_received": 3.737931034482759
    },
    "trigono-worker2": {
        "requests_received": 4.903448275862069
    },
    "trigono-worker1": {
        "requests_received": 4.696551724137931
    }
}