{
    "trigono-worker1-5dbcbc69db-58sk6": {
        "cpu_usage": 30.534998039644748
    },
    "trigono-worker2-58d5cdbc6f-pnf8n": {
        "cpu_usage": 33.060093817647626
    },
    "trigono-worker3-7f55fcf764-ms8v5": {
        "cpu_usage": 44.57734431828772
    },
    "trigono-worker3": {
        "requests_received": 1.9793103448275864
    },
    "trigono-worker2": {
        "requests_received": 2.4827586206896557
    },
    "trigono-worker1": {
        "requests_received": 2.1896551724137936
    }
}