{
    "trigono-worker2-58d5cdbc6f-wzb5p": {
        "cpu_usage": 37.41530460371035
    },
    "trigono-worker3-7f55fcf764-pdkbb": {
        "cpu_usage": 64.6173597427678
    },
    "trigono-worker4-7cb9c9db4c-2c6kf": {
        "cpu_usage": 64.18535302880571
    },
    "trigono-worker1-2-5dbcbc69db-mn64r": {
        "cpu_usage": 37.82738474232311
    },
    "trigono-worker1-1-5dbcbc69db-kplsg": {
        "cpu_usage": 37.6338702570492
    },
    "trigono-worker2": {
        "requests_received": 2.6689655172413795
    },
    "trigono-worker1-1": {
        "requests_received": 2.6655172413793107
    },
    "trigono-worker1-2": {
        "requests_received": 2.6655172413793107
    },
    "trigono-worker3": {
        "requests_received": 2.6689655172413795
    },
    "trigono-worker4": {
        "requests_received": 2.6655172413793107
    }
}